City_ID,City,Country,Lat,Lng,Max Temp,Humidity,Cloudiness,Wind Speed,Current Description
0,Souillac,MU,-20.5167,57.5167,300.02,89,75,9.26,light intensity shower rain
1,Flinders,AU,-34.5833,150.8552,293.36,80,99,3.13,light rain
2,Provideniya,RU,64.3833,-173.3,252.07,86,2,4.81,clear sky
3,Cape Town,ZA,-33.9258,18.4232,298.64,65,0,6.69,clear sky
4,Saint-Pierre,RE,-21.3393,55.4781,300.97,69,0,4.12,clear sky
5,Ushuaia,AR,-54.8,-68.3,290.96,45,40,6.69,scattered clouds
6,Mataura,NZ,-46.1927,168.8643,282.86,90,27,0.73,scattered clouds
7,Narsaq,GL,60.9167,-46.05,259.27,73,0,2.54,clear sky
8,Busselton,AU,-33.65,115.3333,292.06,76,0,2.87,clear sky
9,Faanui,PF,-16.4833,-151.75,300.39,71,10,8.25,clear sky
10,Grindavik,IS,63.8424,-22.4338,270.12,80,40,3.09,scattered clouds
11,Vila Velha,BR,-20.3297,-40.2925,302.12,79,40,4.47,scattered clouds
12,Balao,EC,-2.9167,-79.8167,301.1,73,73,1.52,light rain
13,Lorengau,PG,-2.0226,147.2712,300.21,77,36,3.88,scattered clouds
14,Maningrida,AU,-12.0667,134.2667,297.58,84,97,2.32,overcast clouds
15,Arraial Do Cabo,BR,-22.9661,-42.0278,304.13,70,0,9.26,thunderstorm
16,Bembibre,ES,42.6177,-6.4155,282.18,68,8,1.34,clear sky
17,Tuktoyaktuk,CA,69.4541,-133.0374,237.15,68,20,5.14,few clouds
18,Sitka,US,57.0531,-135.33,279.09,81,100,6.17,moderate rain
19,San Francisco,US,37.7749,-122.4194,288.23,69,75,0.89,broken clouds
20,Punta Arenas,CL,-53.15,-70.9167,292.21,52,75,13.89,broken clouds
21,Avera,US,33.194,-82.5271,283.53,47,21,3.32,few clouds
22,Butaritari,KI,3.0707,172.7902,301.06,70,25,8.69,scattered clouds
23,Port Hedland,AU,-20.3167,118.5667,302.18,79,40,1.54,scattered clouds
24,Castro,BR,-24.7911,-50.0119,297.51,78,95,3.73,overcast clouds
25,Westport,US,41.1415,-73.3579,271.92,65,20,2.24,few clouds
26,Hirara,JP,24.8,125.2833,290.1,67,100,8.89,overcast clouds
27,Albany,US,42.6001,-73.9662,267.13,62,25,1.79,scattered clouds
28,Mar Del Plata,AR,-38.0023,-57.5575,291.53,95,100,0.45,moderate rain
29,Sandovo,RU,58.4602,36.4128,260.87,97,96,3.74,overcast clouds
30,Necochea,AR,-38.5473,-58.7368,290.39,77,100,10.51,overcast clouds
31,Hithadhoo,MV,-0.6,73.0833,301.24,73,92,6.46,overcast clouds
32,Mahebourg,MU,-20.4081,57.7,299.96,89,75,9.26,light intensity shower rain
33,Udachnyy,RU,66.4167,112.4,237.91,100,80,1.48,broken clouds
34,Buala,SB,-8.145,159.5921,300.27,83,96,3.08,overcast clouds
35,Biltine,TD,14.5333,20.9167,295.19,14,53,7.73,broken clouds
36,Carnarvon,AU,-24.8667,113.6333,300.19,83,27,4.63,scattered clouds
37,Kieta,PG,-6.2167,155.6333,299.96,83,100,3.16,overcast clouds
38,Barrow,US,71.2906,-156.7887,248.16,70,75,5.66,broken clouds
39,Kaitangata,NZ,-46.2817,169.8464,280.53,88,43,2.84,scattered clouds
40,Hobart,AU,-42.8794,147.3294,287.07,79,40,2.06,scattered clouds
41,Tahara,JP,34.6667,137.2667,276.12,64,87,9.96,light snow
42,Avarua,CK,-21.2078,-159.775,300.18,78,20,5.66,few clouds
43,Atuona,PF,-9.8,-139.0333,299.14,75,16,10.36,few clouds
44,Bayangol,RU,50.6977,103.4656,250.42,97,93,1.72,overcast clouds
45,Dalvik,IS,65.9702,-18.5286,263.11,97,100,10.35,snow
46,Manaus,BR,-3.1019,-60.025,302.43,74,40,2.06,scattered clouds
47,Lasa,IT,46.6166,10.7002,276.85,68,9,2.19,clear sky
48,Nagato,JP,34.3833,131.2,277.1,60,78,10.63,broken clouds
49,Dikson,RU,73.5069,80.5464,245.35,100,98,1.63,overcast clouds
50,Khatanga,RU,71.9667,102.5,236.98,100,78,0.47,broken clouds
51,Vaini,TO,-21.2,-175.2,297.24,100,100,5.66,light rain
52,Isangel,VU,-19.55,169.2667,299.65,90,100,6.46,overcast clouds
53,Sarakhs,IR,36.5449,61.1577,283.23,62,100,2.06,overcast clouds
54,Thompson,CA,55.7435,-97.8558,245.24,69,75,1.54,broken clouds
55,Tiksi,RU,71.6872,128.8694,243.02,98,96,3.37,overcast clouds
56,Lebu,CL,-37.6167,-73.65,291.0,67,0,8.88,clear sky
57,Drugovo,MK,41.4842,20.9233,276.57,93,74,1.38,broken clouds
58,Rikitea,PF,-23.1203,-134.9692,299.06,73,47,5.51,scattered clouds
59,Hambantota,LK,6.1241,81.1185,298.34,94,5,3.09,clear sky
60,Codrington,AU,-38.2667,141.9667,286.83,90,99,3.58,overcast clouds
61,Dingle,PH,10.9995,122.6711,297.07,82,60,5.02,broken clouds
62,Touros,BR,-5.1989,-35.4608,304.65,55,20,5.89,few clouds
63,Harwich,GB,51.9419,1.2844,283.15,73,93,4.92,overcast clouds
64,Hilo,US,19.7297,-155.09,296.83,85,0,1.54,clear sky
65,Constitucion,CL,-35.3333,-72.4167,295.24,55,1,7.26,clear sky
66,Shelburne,CA,44.0787,-80.2041,264.4,66,28,2.45,scattered clouds
67,Key West,US,24.5557,-81.7826,302.15,69,0,4.63,clear sky
68,Cap Malheureux,MU,-19.9842,57.6142,300.08,81,100,4.02,overcast clouds
69,Fortuna,US,40.5982,-124.1573,285.89,81,0,0.89,clear sky
70,Qaanaaq,GL,77.484,-69.3632,256.32,75,90,1.83,overcast clouds
71,Neuquen,AR,-38.9516,-68.0591,297.09,38,40,1.03,scattered clouds
72,Saint-Georges,GD,12.0564,-61.7485,301.97,65,75,8.75,broken clouds
73,Sistranda,NO,63.7256,8.834,274.76,74,81,5.89,broken clouds
74,Saskylakh,RU,71.9167,114.0833,240.22,100,85,1.62,overcast clouds
75,Cherskiy,RU,68.75,161.3,236.92,96,17,0.78,few clouds
76,Ostrovnoy,RU,68.0531,39.5131,264.22,82,100,14.31,overcast clouds
77,Nanortalik,GL,60.1432,-45.2371,262.83,61,24,10.52,few clouds
78,Katsuura,JP,35.1333,140.3,274.21,44,31,2.3,scattered clouds
79,Gary,US,41.5934,-87.3464,267.09,63,0,5.14,clear sky
80,Ponta Do Sol,PT,32.6667,-17.1,294.89,41,3,4.99,clear sky
81,Kirensk,RU,57.7853,108.1119,264.91,93,100,4.59,light snow
82,Chuy,UY,-33.6971,-53.4616,299.8,55,98,2.27,overcast clouds
83,Puerto Ayora,EC,-0.7393,-90.3518,302.13,84,56,2.24,broken clouds
84,Upernavik,GL,72.7868,-56.1549,255.15,98,100,1.71,overcast clouds
85,Alugan,PH,12.2188,125.4808,299.93,69,95,7.18,overcast clouds
86,Hermanus,ZA,-34.4187,19.2345,294.71,74,77,8.0,broken clouds
87,Port Elizabeth,ZA,-33.918,25.5701,293.76,83,75,7.72,broken clouds
88,Luderitz,NA,-26.6481,15.1594,294.01,74,16,2.31,few clouds
89,Kapaa,US,22.0752,-159.319,293.14,75,20,3.09,few clouds
90,Lokoja,NG,7.8024,6.743,304.18,13,0,1.71,clear sky
91,Uruzgan,AF,32.8333,66.0,279.41,51,79,1.68,broken clouds
92,Esperance,AU,-33.8667,121.9,292.06,70,4,8.16,clear sky
93,Clyde River,CA,70.4692,-68.5914,241.28,68,40,5.14,scattered clouds
94,Torbay,CA,47.6666,-52.7314,283.01,94,100,10.29,moderate rain
95,San Patricio,US,28.017,-97.5169,282.68,31,1,2.7,clear sky
96,Chokurdakh,RU,70.6333,147.9167,238.61,100,100,0.98,overcast clouds
97,Port Alfred,ZA,-33.5906,26.891,294.39,84,100,10.95,light rain
98,Yatou,CN,37.15,122.3833,270.17,58,51,4.71,broken clouds
99,Oranjemund,NA,-28.55,16.4333,293.09,74,27,3.31,scattered clouds
100,Sao Joao Da Barra,BR,-21.6403,-41.0511,303.2,79,67,11.31,broken clouds
101,Merauke,ID,-8.4667,140.3333,300.04,85,100,3.48,overcast clouds
102,Vardo,NO,70.3705,31.1107,270.05,78,100,11.7,overcast clouds
103,Lompoc,US,34.6391,-120.4579,293.22,46,0,3.09,clear sky
104,Kot Samaba,PK,28.5522,70.4684,290.46,23,0,4.02,clear sky
105,Boundiali,CI,9.5217,-6.4869,304.41,11,41,1.36,scattered clouds
106,Kruisfontein,ZA,-34.0033,24.7314,292.53,82,90,8.51,overcast clouds
107,Kulhudhuffushi,MV,6.6221,73.07,300.1,71,34,5.03,scattered clouds
108,Wahiawa,US,21.5028,-158.0236,293.36,83,0,2.06,clear sky
109,Mwense,ZM,-10.3845,28.698,292.23,93,76,1.31,broken clouds
110,Bridlington,GB,54.0831,-0.1919,282.25,78,100,15.1,overcast clouds
111,Bilibino,RU,68.0546,166.4372,247.04,95,11,2.11,few clouds
112,Dzilam Gonzalez,MX,21.2833,-88.9333,297.09,80,82,4.76,broken clouds
113,Ambon,ID,-3.6954,128.1814,298.23,88,20,2.57,few clouds
114,Ossora,RU,59.2353,163.0719,262.61,90,100,5.57,overcast clouds
115,Skibbereen,IE,51.55,-9.2667,284.32,83,100,14.04,overcast clouds
116,Genhe,CN,50.7833,121.5167,249.14,100,98,1.29,overcast clouds
117,Bayreuth,DE,49.9481,11.5783,277.15,86,100,0.45,overcast clouds
118,Ocumare Del Tuy,VE,10.1165,-66.7761,302.93,32,8,1.46,clear sky
119,Talnakh,RU,69.4865,88.3972,245.55,100,95,1.6,overcast clouds
120,Kiknur,RU,57.3034,47.2011,263.18,98,100,2.35,overcast clouds
121,Mubende,UG,0.5606,31.39,293.19,69,100,1.71,overcast clouds
122,Stolin,BY,51.8912,26.846,274.06,89,99,5.68,overcast clouds
123,Boulder,US,40.0833,-105.3505,280.22,34,0,7.15,haze
124,Soderhamn,SE,61.3037,17.0592,270.92,75,22,3.9,few clouds
125,Abalak,RU,58.1286,68.5944,266.47,87,100,2.59,overcast clouds
126,Alofi,NU,-19.0595,-169.9187,297.09,100,100,1.54,overcast clouds
127,Susanville,US,40.4163,-120.653,279.15,53,0,2.24,clear sky
128,Ancud,CL,-41.8697,-73.8203,295.61,58,8,3.38,clear sky
129,Liku,ID,-0.7275,119.8922,297.58,93,100,0.66,overcast clouds
130,Nikolskoye,RU,59.7035,30.7861,269.19,93,100,4.81,light snow
131,Saldanha,ZA,-33.0117,17.9442,301.18,71,13,3.86,few clouds
132,Ipueiras,BR,-7.0333,-40.45,304.89,40,83,4.51,broken clouds
133,Namibe,AO,-15.1961,12.1522,296.75,67,69,5.35,broken clouds
134,Longhua,CN,23.6137,114.1919,282.06,88,100,1.41,overcast clouds
135,Teguise,ES,29.0605,-13.564,292.27,56,0,6.17,clear sky
136,Norman Wells,CA,65.282,-126.8329,249.93,92,90,2.85,overcast clouds
137,Gamba,GA,-2.65,10.0,298.2,84,9,3.18,clear sky
138,Sola,VU,-13.8833,167.55,301.3,77,100,8.82,overcast clouds
139,New Norfolk,AU,-42.7826,147.0587,286.88,64,100,0.56,overcast clouds
140,Batagay-Alyta,RU,67.8006,130.4114,240.94,99,94,1.69,overcast clouds
141,Jamestown,US,42.097,-79.2353,266.53,45,100,1.79,overcast clouds
142,Tasiilaq,GL,65.6145,-37.6368,269.24,58,100,4.35,overcast clouds
143,Bambous Virieux,MU,-20.3428,57.7575,299.94,89,75,9.26,light intensity shower rain
144,Ulkan,RU,57.243,107.3223,265.43,95,100,3.77,light snow
145,Khutar,IN,28.2,80.2833,283.34,85,0,2.04,clear sky
146,Guerrero Negro,MX,27.9769,-114.0611,292.24,24,0,0.65,clear sky
147,Japura,ID,-0.3167,102.35,295.83,98,98,1.19,light rain
148,Airai,TL,-8.9266,125.4092,289.28,92,93,0.82,overcast clouds
149,Husavik,IS,66.0449,-17.3389,263.1,96,100,12.12,snow
150,Zheshart,RU,62.0731,49.5733,255.47,98,46,2.11,scattered clouds
151,Tala,EG,30.6803,30.9429,282.14,83,0,2.26,clear sky
152,Stornoway,GB,58.2093,-6.3865,275.33,80,40,1.79,scattered clouds
153,Faya,SA,18.3851,42.4509,286.21,77,3,1.57,clear sky
154,Bredasdorp,ZA,-34.5322,20.0403,294.42,73,100,10.8,overcast clouds
155,Iqaluit,CA,63.7506,-68.5145,242.0,62,75,0.0,broken clouds
156,Yzeure,FR,46.5644,3.355,278.87,77,85,1.28,overcast clouds
157,Sabang,ID,5.8933,95.3214,300.5,75,100,5.49,light rain
158,San Ramon,US,37.7799,-121.978,287.37,66,0,0.89,haze
159,Anchorage,US,61.2181,-149.9003,270.55,88,100,1.79,light snow
160,Ouadda,CF,8.0777,22.4007,296.77,20,100,2.94,overcast clouds
161,Yellowknife,CA,62.456,-114.3525,248.94,86,75,3.09,light snow
162,Santa Cruz,BO,-17.8,-63.1667,295.18,94,100,6.17,thunderstorm with light rain
163,Jalu,LY,29.0331,21.5482,287.2,47,0,1.26,clear sky
164,Tiznit,MA,29.5833,-9.5,290.63,32,51,1.16,broken clouds
165,Bluff,NZ,-46.6,168.3333,283.6,74,94,6.12,overcast clouds
166,Cabedelo,BR,-6.9811,-34.8339,303.52,65,7,5.05,clear sky
167,Opuwo,NA,-18.0607,13.84,296.69,41,96,4.29,overcast clouds
168,Conde,BR,-7.2597,-34.9075,302.85,66,40,5.14,scattered clouds
169,Sao Filipe,CV,14.8961,-24.4956,296.86,67,0,4.74,clear sky
170,Saint-Philippe,RE,-21.3585,55.7679,300.92,86,100,9.72,light rain
171,Bakchar,RU,57.0186,82.0711,263.6,88,100,2.54,overcast clouds
172,Kargopol,RU,61.5071,38.9456,259.19,94,56,3.05,broken clouds
173,Klaksvik,FO,62.2266,-6.589,275.66,76,61,13.44,broken clouds
174,Sioux Lookout,CA,50.1001,-91.917,258.36,72,100,5.14,overcast clouds
175,Kourou,GF,5.1552,-52.6478,302.18,81,49,3.98,scattered clouds
176,Sassandra,CI,4.95,-6.0833,300.11,82,15,3.86,few clouds
177,Ribeira Grande,PT,38.5167,-28.7,290.37,72,40,5.14,scattered clouds
178,Sorgun,TR,39.8101,35.186,261.9,98,91,0.71,overcast clouds
179,Uarini,BR,-2.99,-65.1083,302.12,75,88,0.83,light rain
180,Teya,RU,60.3778,92.6267,265.17,89,100,3.82,overcast clouds
181,Tuatapere,NZ,-46.1333,167.6833,283.61,84,100,1.1,overcast clouds
182,Baiyin,CN,36.5583,104.2081,264.64,92,100,2.79,light snow
183,Mabaruma,GY,8.2,-59.7833,300.79,70,61,2.75,broken clouds
184,Cumana,VE,10.4635,-64.1775,302.2,67,16,5.26,few clouds
185,Bokoro,TD,12.3807,17.0568,295.77,16,46,4.84,scattered clouds
186,Pevek,RU,69.7008,170.3133,239.44,99,37,1.55,scattered clouds
187,Placido De Castro,BR,-10.3353,-67.1856,304.35,53,98,2.53,moderate rain
188,Vanimo,PG,-2.6741,141.3028,298.52,87,98,2.67,overcast clouds
189,Snezhnogorsk,RU,69.1933,33.2531,265.03,83,100,8.59,overcast clouds
190,Waw,SS,7.7029,27.9953,298.67,18,100,2.38,overcast clouds
191,Palmer,US,42.1584,-72.3287,269.78,55,20,3.58,few clouds
192,Chazuta,PE,-6.5742,-76.1367,308.62,40,58,2.0,broken clouds
193,Fort Frances,CA,48.5999,-93.4003,259.91,79,100,2.24,snow
194,Puerto Penasco,MX,31.3167,-113.5333,288.1,40,8,1.79,clear sky
195,Georgetown,MY,5.4112,100.3354,300.31,85,20,0.89,few clouds
196,Santa Helena De Goias,BR,-17.8136,-50.5969,303.98,55,38,2.39,scattered clouds
197,Inirida,CO,3.8653,-67.9239,302.24,69,96,2.09,overcast clouds
198,Matagami,CA,49.7502,-77.6328,256.21,46,0,6.17,clear sky
199,Arnold,GB,53.0,-1.1333,282.75,87,100,10.78,light rain
200,Priiskovyy,RU,51.9333,116.6333,245.36,100,87,1.08,overcast clouds
201,Tadine,NC,-21.55,167.8833,299.5,90,100,3.42,light rain
202,Bilma,NE,18.6853,12.9164,290.63,18,0,2.06,clear sky
203,Navalmoral De La Mata,ES,39.8916,-5.5406,285.9,68,2,1.28,clear sky
204,La Ronge,CA,55.1001,-105.2842,250.29,64,75,3.6,broken clouds
205,Yerbogachen,RU,61.2767,108.0108,260.04,97,100,1.96,overcast clouds
206,Lodja,CD,-3.4833,23.4333,295.5,81,19,0.68,few clouds
207,Oussouye,SN,12.485,-16.5469,310.25,34,5,4.24,clear sky
208,Naze,JP,28.3667,129.4833,283.71,69,100,7.47,overcast clouds
209,Longyearbyen,SJ,78.2186,15.6401,261.06,61,20,9.77,few clouds
210,Macklin,CA,52.3334,-109.9348,267.28,93,100,5.76,overcast clouds
211,Belmonte,BR,-15.8631,-38.8828,301.43,69,69,4.46,heavy intensity rain
212,Wanaka,NZ,-44.7,169.15,282.65,80,29,0.89,scattered clouds
213,Agadir,MA,30.4202,-9.5982,294.4,47,98,0.8,overcast clouds
214,Geraldton,AU,-28.7667,114.6,294.38,94,100,1.54,overcast clouds
215,Belle Fourche,US,44.6714,-103.8522,282.22,28,29,9.84,scattered clouds
216,Cabo San Lucas,MX,22.8909,-109.9124,296.21,58,0,3.6,clear sky
217,Bonavista,CA,48.6499,-53.1147,275.99,99,100,3.03,snow
218,Nemencine,LT,54.85,25.4833,274.44,97,100,5.88,light snow
219,Adrar,MR,20.5022,-10.0711,295.77,7,0,3.86,clear sky
220,Lazaro Cardenas,MX,17.9583,-102.2,301.46,51,0,3.43,clear sky
221,Komsomolskiy,UZ,40.4272,71.7189,277.83,48,100,2.06,overcast clouds
222,Xinqing,CN,48.2333,129.5,247.69,100,91,1.28,overcast clouds
223,Aklavik,CA,68.2191,-135.0107,237.61,66,40,2.06,scattered clouds
224,Daru,PG,-9.0763,143.2092,298.47,91,100,3.99,moderate rain
225,Mandalgovi,MN,45.7625,106.2708,256.81,74,0,2.86,clear sky
226,Severo-Kurilsk,RU,50.6789,156.125,271.13,94,100,2.44,light snow
227,Sisimiut,GL,66.9395,-53.6735,256.58,91,100,4.22,light snow
228,Honiara,SB,-9.4333,159.95,299.24,88,79,0.37,broken clouds
229,Matay,EG,28.419,30.7792,285.65,51,0,3.39,clear sky
230,Asfi,MA,32.2994,-9.2372,290.0,71,90,8.84,overcast clouds
231,Jinsha,CN,32.0898,121.0735,274.83,60,14,2.54,few clouds
232,Campo Gobierno,MX,24.6536,-107.5411,299.1,46,20,1.54,few clouds
233,Fairbanks,US,64.8378,-147.7164,256.82,79,100,0.0,overcast clouds
234,Tura,IN,25.5198,90.2201,283.07,91,1,0.77,clear sky
235,Asau,RO,46.4333,26.4,276.46,89,98,0.76,overcast clouds
236,Batemans Bay,AU,-35.7167,150.1833,290.98,82,99,3.24,overcast clouds
237,Nuuk,GL,64.1835,-51.7216,260.49,85,75,5.14,light shower snow
238,Kahului,US,20.8947,-156.47,298.62,80,20,0.0,few clouds
239,Bethel,US,41.3712,-73.414,270.8,69,75,0.89,broken clouds
240,Niksar,TR,40.5917,36.9517,270.95,86,25,2.8,scattered clouds
241,Trincomalee,LK,8.5711,81.2335,299.12,72,34,5.45,scattered clouds
242,Pierre,US,44.3683,-100.351,285.66,33,0,0.89,clear sky
243,Muravlenko,RU,63.7898,74.523,249.73,100,100,1.29,overcast clouds
244,Rawson,AR,-43.3002,-65.1023,290.37,44,0,4.99,clear sky
245,Mayumba,GA,-3.432,10.6554,298.3,86,10,1.97,clear sky
246,Ust-Tsilma,RU,65.441,52.1498,251.06,100,97,1.65,overcast clouds
247,Colon,PA,9.3592,-79.9014,307.17,59,6,5.06,clear sky
248,Toamasina,MG,-18.1667,49.3833,299.15,89,75,4.12,light rain
249,Kawhia,NZ,-38.0651,174.8183,295.58,97,100,3.93,overcast clouds
250,Tucuman,AR,-26.8241,-65.2226,302.15,48,40,1.54,scattered clouds
251,Ahipara,NZ,-35.1667,173.1667,295.09,98,96,2.64,overcast clouds
252,Curup,ID,-3.4667,102.5333,293.17,100,100,1.8,very heavy rain
253,Victoria,HK,22.2855,114.1577,289.4,82,98,4.02,overcast clouds
254,Atar,MR,20.5169,-13.0499,300.33,8,0,3.41,clear sky
255,Ilulissat,GL,69.2167,-51.1,259.16,47,75,5.14,broken clouds
256,Menongue,AO,-14.6585,17.691,288.78,97,100,1.89,overcast clouds
257,Kodiak,US,57.79,-152.4072,272.88,86,75,2.57,broken clouds
258,Meulaboh,ID,4.1363,96.1285,297.26,88,99,3.48,overcast clouds
259,Qui Nhon,VN,13.7667,109.2333,295.9,83,100,7.22,overcast clouds
260,Bathsheba,BB,13.2167,-59.5167,301.49,57,20,7.2,few clouds
261,Puerto Leguizamo,CO,-0.1934,-74.7819,302.05,72,55,2.19,heavy intensity rain
262,Pemangkat,ID,1.1667,108.9667,298.8,87,100,3.47,overcast clouds
263,Hami,CN,42.8,93.45,270.12,28,100,5.13,overcast clouds
264,Fort Nelson,CA,58.8053,-122.7002,252.92,77,75,2.06,broken clouds
265,Freeport,US,40.6576,-73.5832,272.6,60,40,7.6,scattered clouds
266,Salalah,OM,17.0151,54.0924,298.2,69,75,1.54,broken clouds
267,Warri,NG,5.5167,5.75,301.14,65,5,3.73,clear sky
268,Saint George,US,37.1041,-113.5841,285.01,28,0,0.45,clear sky
269,Nizwa,OM,22.9333,57.5333,294.45,28,0,0.63,clear sky
270,Mayor Pablo Lagerenza,PY,-19.9309,-60.7718,299.62,78,99,4.77,overcast clouds
271,La Libertad,EC,-2.2333,-80.9,301.96,65,0,5.14,clear sky
272,Aviles,ES,43.5547,-5.9248,283.11,79,0,1.03,clear sky
273,Totness,SR,5.8833,-56.3167,300.31,74,43,5.15,light rain
274,Povenets,RU,62.8487,34.8262,264.17,90,100,7.58,overcast clouds
275,Rieti,IT,42.4072,12.8592,283.94,86,100,6.17,overcast clouds
276,Malinao,PH,7.5917,124.6889,293.09,82,22,2.74,few clouds
277,Sambava,MG,-14.2667,50.1667,297.96,89,100,2.28,overcast clouds
278,Abdanan,IR,32.9926,47.4198,279.58,70,0,1.31,clear sky
279,Laguna,US,38.421,-121.4238,290.06,64,0,0.45,clear sky
280,Santa Rosa,PH,14.3122,121.1114,299.14,71,93,6.51,overcast clouds
281,Muros,ES,42.7762,-9.0603,284.87,69,0,6.55,clear sky
282,Margate,GB,51.3813,1.3862,283.13,74,100,4.92,overcast clouds
283,Cacequi,BR,-29.8836,-54.825,308.63,23,23,7.64,few clouds
284,Knin,HR,44.0439,16.2,282.7,85,35,2.57,scattered clouds
285,Seminole,US,28.7086,-81.2081,290.37,79,100,0.89,overcast clouds
286,Vysokogornyy,RU,50.1167,139.15,252.11,98,100,2.07,overcast clouds
287,Anloga,GH,5.7947,0.8973,302.27,78,0,5.87,clear sky
288,Tete,MZ,-16.1564,33.5867,299.2,78,75,4.12,broken clouds
289,Sao Mateus,BR,-18.7161,-39.8589,300.5,71,99,4.65,overcast clouds
290,Lagoa,PT,39.05,-27.9833,288.15,76,49,8.11,scattered clouds
291,Hervey Bay,AU,-25.2986,152.8535,293.21,61,63,8.66,broken clouds
292,Primero De Enero,CU,21.9469,-78.4283,300.07,39,0,6.31,clear sky
293,Quesnel,CA,52.9999,-122.5029,270.43,100,100,1.03,mist
294,Lata,PT,40.1629,-8.3327,284.85,78,0,1.92,clear sky
295,Raymondville,US,26.4815,-97.7831,284.46,30,0,4.26,clear sky
296,Wilmington,US,34.2257,-77.9447,283.12,44,0,7.2,clear sky
297,Ewa Beach,US,21.3156,-158.0072,295.15,80,40,2.68,scattered clouds
298,Yilan,TW,24.757,121.753,288.35,99,100,2.89,overcast clouds
299,Port-Cartier,CA,50.0334,-66.8654,260.79,66,34,3.41,scattered clouds
300,Tucurui,BR,-3.7661,-49.6725,302.01,77,98,1.61,overcast clouds
301,Caraballeda,VE,10.6112,-66.8522,298.97,80,45,2.8,scattered clouds
302,Ulladulla,AU,-35.35,150.4667,290.98,76,99,4.71,overcast clouds
303,Shimoda,JP,34.6667,138.95,273.76,71,14,11.84,few clouds
304,Mana,GF,5.6592,-53.7767,300.26,77,33,4.8,scattered clouds
305,Padang,ID,-0.9492,100.3543,296.57,97,100,0.76,light rain
306,Ginda,IN,30.6945,78.4932,275.23,44,10,2.89,clear sky
307,Juegang,CN,32.3174,121.1855,274.21,56,9,3.38,clear sky
308,Hueytown,US,33.4512,-86.9967,279.34,49,0,4.63,clear sky
309,San Andres,CO,12.5847,-81.7006,300.16,74,75,4.63,broken clouds
310,Kavaratti,IN,10.5669,72.642,299.09,61,30,4.27,scattered clouds
311,Sabha,LY,27.0377,14.4283,286.97,25,0,3.04,clear sky
312,Fort William,GB,56.8165,-5.1121,279.14,96,100,4.42,overcast clouds
313,Havre-Saint-Pierre,CA,50.2334,-63.5986,259.48,66,100,7.72,overcast clouds
314,Coquimbo,CL,-29.9533,-71.3436,295.42,66,2,3.91,clear sky
315,Praia,CV,14.9215,-23.5087,299.45,41,0,7.72,clear sky
316,East London,ZA,-33.0153,27.9116,292.67,94,20,2.57,light intensity drizzle
317,Las Juntas,MX,19.4167,-104.7,296.89,32,44,2.99,scattered clouds
318,Bubaque,GW,11.2833,-15.8333,299.06,62,0,6.16,clear sky
319,Cayenne,GF,4.9333,-52.3333,302.17,81,75,2.68,broken clouds
320,Burewala,PK,30.1667,72.65,285.79,45,64,3.51,broken clouds
321,Baragua,CU,21.6967,-78.6328,304.09,31,0,5.75,clear sky
322,Poum,NC,-20.2333,164.0167,300.25,72,100,1.36,overcast clouds
323,Kavieng,PG,-2.5744,150.7967,300.48,78,30,2.32,scattered clouds
324,Haverfordwest,GB,51.8017,-4.9691,283.74,83,100,8.49,overcast clouds
325,Ashland,US,40.8167,-82.2665,268.86,81,100,1.99,overcast clouds
326,Tupancireta,BR,-29.0806,-53.8358,299.83,57,99,4.1,overcast clouds
327,Khasan,RU,42.4308,130.6434,261.86,58,5,8.49,clear sky
328,Kualakapuas,ID,-3.0091,114.3876,296.24,96,100,0.78,overcast clouds
329,Wuwei,CN,37.9281,102.6414,264.43,94,100,2.51,light snow
330,Bria,CF,6.5423,21.9863,297.42,21,100,1.44,overcast clouds
331,Viedma,AR,-40.8135,-62.9967,290.62,48,99,6.87,overcast clouds
332,Olafsvik,IS,64.8945,-23.7142,272.2,73,100,9.0,light snow
333,Poronaysk,RU,49.2167,143.1167,259.94,84,100,4.32,overcast clouds
334,San Cristobal,VE,7.7669,-72.225,297.25,69,98,0.77,overcast clouds
335,Baghdad,IQ,33.3406,44.4009,284.1,62,0,0.51,clear sky
336,Mandera,KE,3.9366,41.867,303.0,18,100,3.16,overcast clouds
337,Newport,GB,51.5877,-2.9984,283.96,79,100,1.34,overcast clouds
338,Nelson Bay,AU,-32.7167,152.15,294.82,68,91,1.79,overcast clouds
339,Cidreira,BR,-30.1811,-50.2056,296.48,94,100,3.99,overcast clouds
340,Dwarka,IN,22.2394,68.9678,294.32,61,0,2.81,clear sky
341,Maceio,BR,-9.6658,-35.7353,303.84,51,0,7.72,clear sky
342,Platanos,GR,37.6667,21.6167,286.46,81,100,2.69,overcast clouds
343,Gore,NZ,-46.1028,168.9436,283.28,90,100,0.76,overcast clouds
344,Kalat,PK,29.0225,66.5916,281.24,23,0,3.5,clear sky
345,Kutum,SD,14.2,24.6667,287.29,18,18,5.48,few clouds
346,Qarqin,AF,37.4185,66.0436,284.27,79,100,2.61,overcast clouds
347,Grand-Santi,GF,4.25,-54.3833,299.77,92,48,1.71,scattered clouds
348,Port Lincoln,AU,-34.7333,135.8667,292.56,80,100,6.76,overcast clouds
349,Tautira,PF,-17.7333,-149.15,301.16,72,35,8.28,scattered clouds
350,Saint-Augustin,CA,51.226,-58.6502,258.32,94,100,7.29,light snow
351,Sucua,EC,-2.4667,-78.1667,302.56,51,75,1.54,thunderstorm
352,Xiaoshan,CN,30.1675,120.2588,277.07,52,0,3.0,clear sky
353,Vila Franca Do Campo,PT,37.7167,-25.4333,291.04,77,74,5.48,broken clouds
354,Whyalla,AU,-33.0333,137.5833,291.09,82,100,0.0,overcast clouds
355,Chara,RU,56.9064,118.2631,245.7,82,21,0.59,few clouds
356,Knysna,ZA,-34.0363,23.0471,293.36,84,12,4.74,few clouds
357,Panacan,PH,9.2463,118.4082,298.75,85,100,8.27,overcast clouds
358,Portobelo,PA,9.55,-79.65,306.4,66,8,5.31,clear sky
359,Saint Anthony,US,45.0205,-93.218,264.4,59,75,3.13,broken clouds
360,Uige,AO,-7.6087,15.0613,292.71,95,60,0.96,broken clouds
361,Graham,US,47.0529,-122.2943,280.58,90,100,1.54,overcast clouds
362,Exeter,GB,50.7236,-3.5275,284.33,76,40,0.45,scattered clouds
363,Beyneu,KZ,45.3167,55.2,274.34,96,100,9.61,overcast clouds
364,Monroe,US,43.1501,-77.6831,265.96,65,39,2.24,scattered clouds
365,Aykhal,RU,66.0,111.5,241.45,100,100,2.02,overcast clouds
366,Isla Mujeres,MX,21.2311,-86.731,301.18,69,87,4.97,overcast clouds
367,Svetlaya,RU,46.5389,138.3297,258.38,74,87,4.99,overcast clouds
368,Kariba,ZW,-16.5167,28.8,295.29,79,19,0.89,light rain
369,Listvyagi,RU,53.6772,86.951,258.89,84,81,0.18,broken clouds
370,Itaituba,BR,-4.2761,-55.9836,304.24,70,40,2.57,scattered clouds
371,Alice Springs,AU,-23.7,133.8833,288.9,82,0,2.57,clear sky
372,La Rioja,ES,42.25,-2.5,276.66,87,13,1.7,few clouds
373,Moerai,PF,-22.4333,-151.3333,299.6,75,100,6.23,overcast clouds
374,Kota Bahru,MY,6.1333,102.2386,300.12,78,20,4.47,few clouds
375,Vao,NC,-22.6667,167.4833,299.73,86,85,3.8,moderate rain
376,Bacolod,PH,10.6667,122.95,297.99,80,79,7.09,broken clouds
377,Tabuleiro Do Norte,BR,-5.2467,-38.1306,306.19,42,92,4.16,overcast clouds
378,Camacha,PT,33.0833,-16.3333,290.67,77,20,8.75,few clouds
379,Aswan,EG,24.0934,32.907,286.02,44,0,4.91,clear sky
380,Sovetskiy,RU,61.3614,63.5842,264.63,95,100,3.43,light snow
381,Autazes,BR,-3.5797,-59.1306,303.12,67,99,0.62,overcast clouds
382,Kirovsk,UA,48.6375,38.6428,264.77,96,48,2.45,scattered clouds
383,Puerto Rico,AR,-26.796,-55.024,298.48,87,100,1.13,light rain
384,Yar-Sale,RU,66.8333,70.8333,248.93,100,78,1.53,broken clouds
385,Mahibadhoo,MV,3.7833,72.9667,300.72,70,5,4.2,clear sky
386,Oistins,BB,13.0667,-59.5333,301.2,57,20,7.2,few clouds
387,Polson,US,47.6936,-114.1632,277.37,79,100,2.67,overcast clouds
388,Kinkala,CG,-4.3614,14.7644,301.32,91,4,1.17,clear sky
389,Lufilufi,WS,-13.8745,-171.5986,298.03,80,92,7.32,light rain
390,Mount Isa,AU,-20.7333,139.5,297.02,38,0,1.54,clear sky
391,Phan Thiet,VN,10.9333,108.1,295.43,72,91,3.72,overcast clouds
392,Jiaonan,CN,35.8786,119.9753,266.16,33,7,3.02,clear sky
393,Marfino,RU,55.7028,37.3822,264.23,92,0,2.0,clear sky
394,Yurga,RU,55.7231,84.8861,260.82,88,100,2.87,overcast clouds
395,Port-Gentil,GA,-0.7193,8.7815,299.7,80,15,4.01,few clouds
396,Labytnangi,RU,66.6572,66.4183,245.79,99,32,0.33,scattered clouds
397,Hofn,IS,64.2539,-15.2082,271.35,55,100,4.46,overcast clouds
398,Jiuquan,CN,39.7432,98.5174,264.48,40,100,2.51,overcast clouds
399,Ndioum,SN,16.5129,-14.6471,309.09,7,0,3.6,clear sky
400,Gogrial,SS,8.5332,28.1004,298.88,18,100,2.82,overcast clouds
401,Tuy Hoa,VN,13.0833,109.3,295.25,88,100,5.55,overcast clouds
402,Bengkulu,ID,-3.8004,102.2655,296.62,96,100,4.03,moderate rain
403,Araouane,ML,18.9048,-3.5265,294.73,10,100,3.55,overcast clouds
404,Soyo,AO,-6.1349,12.3689,298.82,84,94,4.2,light rain
405,Caohai,CN,26.8661,104.2841,276.73,98,100,2.43,overcast clouds
406,Kailua,US,21.4022,-157.7394,298.56,85,13,0.89,few clouds
407,Guilin,CN,25.2819,110.2864,279.21,79,100,2.72,light rain
408,Northam,GB,51.0333,-4.2167,283.94,86,100,13.44,overcast clouds
409,Saint-Francois,FR,46.4154,3.9054,276.86,86,0,0.51,clear sky
410,Wanning,CN,18.8003,110.3967,291.99,83,97,3.91,overcast clouds
411,Tevaitoa,PF,-16.7833,-151.5,300.38,73,11,8.58,few clouds
412,Moses Lake,US,47.1301,-119.2781,278.84,93,100,3.09,fog
413,Ust-Omchug,RU,61.15,149.6333,241.41,85,75,1.82,broken clouds
414,Huntsville,US,34.7304,-86.5861,277.12,53,0,1.79,clear sky
415,Monaragala,LK,6.8714,81.3487,297.44,93,35,2.49,scattered clouds
416,Kenora,CA,49.8167,-94.4337,258.81,78,100,5.14,overcast clouds
417,Yulara,AU,-25.2406,130.9889,293.06,52,0,3.09,clear sky
418,Yumbe,UG,3.4651,31.2469,298.08,21,100,2.62,overcast clouds
419,Caravelas,BR,-17.7125,-39.2481,298.78,79,100,3.98,overcast clouds
420,Shingu,JP,33.7333,135.9833,276.99,75,69,3.78,broken clouds
421,Talas,TR,38.6908,35.5538,268.52,80,0,1.54,clear sky
422,Basmat,IN,19.3167,77.1667,292.07,23,6,3.21,clear sky
423,Quelimane,MZ,-17.8786,36.8883,300.12,74,40,2.06,scattered clouds
424,Mandurah,AU,-32.55,115.7,296.6,83,3,3.59,clear sky
425,Poltava,UA,49.5937,34.5407,268.79,96,100,5.21,light snow
426,Lavrentiya,RU,65.5833,-171.0,245.57,93,18,4.24,few clouds
427,Beringovskiy,RU,63.05,179.3167,249.82,92,18,6.48,few clouds
428,Razlog,BG,41.8863,23.4671,274.35,88,97,1.53,overcast clouds
429,Antalaha,MG,-14.9003,50.2788,298.65,78,100,2.42,light rain
430,Okha,RU,53.5739,142.9478,257.97,92,100,9.21,overcast clouds
431,Tamworth,GB,52.634,-1.6959,282.5,86,100,4.92,light rain
432,Betioky,MG,-23.7167,44.3833,298.51,71,100,6.31,overcast clouds
433,Lakhdenpokhya,RU,61.5198,30.1992,267.49,96,100,5.12,snow
434,Suntar,RU,62.1444,117.6319,248.81,100,100,1.57,overcast clouds
435,Black Diamond,US,47.3087,-122.0032,280.62,88,100,0.45,overcast clouds
436,Beidao,CN,34.5686,105.8933,269.29,82,100,1.7,light snow
437,Ternate,ID,0.8,127.4,299.76,82,100,4.19,overcast clouds
438,Bon Air,US,37.5249,-77.5578,277.54,40,0,0.89,clear sky
439,Marienburg,PL,54.0359,19.0266,277.66,78,100,7.67,overcast clouds
440,Kharan,PK,28.5833,65.4167,289.38,16,0,3.74,clear sky
441,Llandrindod Wells,GB,52.2416,-3.3787,282.55,92,100,12.62,heavy intensity rain
442,Senno,RU,59.5336,33.9167,266.07,93,100,5.07,snow
443,Baykit,RU,61.67,96.37,262.78,97,98,2.37,overcast clouds
444,Mwinilunga,ZM,-11.7358,24.4293,289.75,97,97,1.43,light rain
445,Blackfalds,CA,52.3834,-113.7853,277.3,63,100,9.9,overcast clouds
446,Shizunai,JP,42.3339,142.3669,267.86,88,97,2.69,overcast clouds
447,Sorland,NO,67.667,12.6934,277.19,76,100,14.42,overcast clouds
448,Barahona,DO,18.2085,-71.1008,304.05,45,20,5.66,few clouds
449,Moree,AU,-29.4667,149.85,289.16,72,5,2.57,clear sky
450,San Joaquin,US,37.9333,-121.3011,288.52,82,0,2.06,haze
451,Nishihara,JP,26.1842,127.7558,286.75,62,75,9.26,broken clouds
452,Guarapari,BR,-20.6667,-40.4975,302.09,74,13,7.89,few clouds
453,Saint-Joseph,RE,-21.3667,55.6167,300.36,83,100,8.0,light rain
454,Leningradskiy,RU,69.3833,178.4167,243.05,96,7,1.95,clear sky
455,Mapastepec,MX,15.4333,-92.9,306.31,34,2,5.37,clear sky
456,Istmina,CO,5.1605,-76.684,301.04,86,34,1.26,scattered clouds
457,Berlevag,NO,70.8578,29.0864,268.58,84,99,11.82,overcast clouds
458,Tommot,RU,58.9564,126.2925,249.05,100,100,1.22,overcast clouds
459,Novikovo,RU,51.1537,37.8879,255.82,100,100,1.99,overcast clouds
460,Camana,PE,-16.6228,-72.7111,296.86,70,12,4.23,few clouds
461,Broken Hill,AU,-31.95,141.4333,292.99,42,75,6.17,broken clouds
462,Carballo,ES,43.213,-8.691,284.27,79,0,3.95,clear sky
463,Erzin,TR,36.9559,36.2,282.55,73,57,1.38,broken clouds
464,Los Andes,CL,-32.8337,-70.5983,302.54,18,1,4.19,clear sky
465,Arlit,NE,18.7369,7.3853,292.75,11,0,3.47,clear sky
466,Srednekolymsk,RU,67.45,153.6833,233.31,99,39,1.7,scattered clouds
467,Santa Ana,US,33.7456,-117.8678,295.29,18,20,0.89,few clouds
468,George Town,MY,5.4112,100.3354,300.31,85,20,0.89,few clouds
469,Pisco,PE,-13.7,-76.2167,294.83,83,75,4.12,mist
470,Ferme-Neuve,CA,46.7001,-75.4493,258.03,65,51,4.13,broken clouds
471,Mangai,CD,-4.05,19.5333,296.39,87,85,0.95,light rain
472,High Rock,BS,26.6208,-78.2833,298.16,64,4,0.91,clear sky
473,Shaoyang,CN,27.2315,111.4525,277.73,84,100,1.09,overcast clouds
474,Batticaloa,LK,7.7102,81.6924,297.91,75,45,2.99,scattered clouds
475,Nanakuli,US,21.3906,-158.1547,298.54,82,40,2.06,scattered clouds
476,Gushikawa,JP,26.3544,127.8686,286.72,58,75,5.14,broken clouds
477,Pangnirtung,CA,66.1451,-65.7125,242.15,69,40,0.0,scattered clouds
478,Landsberg,PL,52.7368,15.2288,277.92,68,100,0.89,overcast clouds
479,Sundsvall,SE,62.3913,17.3063,261.13,92,10,1.54,fog
480,Toropets,RU,56.4978,31.6353,267.17,95,100,3.8,snow
481,Ugoofaaru,MV,5.6667,73.0,300.27,71,11,3.86,few clouds
482,Bonthe,SL,7.5264,-12.505,299.95,74,91,4.63,overcast clouds
483,Nouadhibou,MR,20.931,-17.0347,294.14,78,0,6.69,clear sky
484,Jijiga,ET,9.35,42.8,291.08,17,30,3.95,scattered clouds
485,Puerto Madryn,AR,-42.7692,-65.0385,292.49,32,0,5.36,clear sky
486,Haines Junction,CA,60.7522,-137.5108,260.12,92,100,2.06,overcast clouds
487,Hasaki,JP,35.7333,140.8333,268.37,35,7,4.22,clear sky
488,Razole,IN,16.4833,81.8333,293.19,94,16,1.93,few clouds
489,Hamilton,US,39.1834,-84.5333,269.79,72,40,0.89,snow
490,Denia,ES,38.8408,0.1057,287.3,87,100,0.45,overcast clouds
491,Teknaf,BD,20.8624,92.3058,291.87,91,21,4.06,few clouds
492,Barranca,PE,-10.75,-77.7667,297.02,69,25,5.91,scattered clouds
493,Yangambi,CD,0.8102,24.4336,296.84,70,99,0.89,overcast clouds
494,Durban,ZA,-29.8579,31.0292,296.49,88,100,1.34,overcast clouds
495,Kresttsy,RU,58.2452,32.5165,266.62,95,100,4.45,snow
496,Parati,BR,-23.2178,-44.7131,310.65,88,88,0.78,overcast clouds
497,Broome,US,42.2506,-75.833,266.6,67,75,1.79,broken clouds
498,Karpathos,GR,35.507,27.2132,288.13,72,97,6.17,overcast clouds
499,Nome,US,64.5011,-165.4064,256.19,51,0,5.66,clear sky
500,Guaruja,BR,-23.9931,-46.2564,309.07,44,40,4.12,scattered clouds
501,Along,IN,28.1667,94.7667,281.91,98,96,1.01,overcast clouds
502,Hualmay,PE,-11.0964,-77.6139,297.56,69,26,5.37,scattered clouds
503,Svetlogorsk,BY,52.6333,29.7333,274.03,86,100,7.12,overcast clouds
504,San Jeronimo,PE,-11.9472,-75.2829,288.83,62,98,2.73,overcast clouds
505,Safaga,EG,26.7292,33.9365,288.12,55,0,7.67,clear sky
506,Sampit,ID,-2.5333,112.95,296.24,99,100,0.66,overcast clouds
507,Tchollire,CM,8.4022,14.1698,296.48,14,16,0.94,few clouds
508,Male,MV,4.1748,73.5089,302.12,70,75,2.57,broken clouds
509,Leh,IN,34.1667,77.5833,251.17,73,86,1.42,overcast clouds
510,Inhambane,MZ,-23.865,35.3833,300.14,78,40,5.66,scattered clouds
511,Road Town,VG,18.4167,-64.6167,297.2,94,40,8.75,light rain
512,Zhongshu,CN,24.5167,103.7667,280.84,96,100,1.86,overcast clouds
513,Pacific Grove,US,36.6177,-121.9166,291.38,56,0,0.45,clear sky
514,Riyadh,SA,24.6877,46.7219,287.23,30,0,4.82,clear sky
515,Launceston,AU,-41.45,147.1667,287.95,72,100,4.63,overcast clouds
516,Kirakira,SB,-10.4544,161.9205,300.43,84,100,2.15,overcast clouds
517,Nehe,CN,48.4833,124.8333,248.38,99,64,1.47,broken clouds
518,Buchanan,LR,5.8808,-10.0467,302.13,80,76,3.83,broken clouds
519,Puerto Narino,CO,-3.7703,-70.3831,301.12,83,97,1.15,overcast clouds
520,Moberly,US,39.4184,-92.4382,273.14,46,0,4.12,clear sky
521,Ramos Arizpe,MX,25.55,-100.9667,289.16,65,0,3.09,clear sky
522,Sturgeon Bay,US,44.8342,-87.377,263.37,62,75,3.6,broken clouds
523,Marawi,PH,7.9986,124.2928,292.4,91,18,0.88,few clouds
524,Okhotsk,RU,59.3833,143.3,250.71,70,0,5.5,clear sky
525,Egvekinot,RU,66.3167,-179.1667,249.72,86,10,6.04,clear sky
526,Verkhnyaya Inta,RU,65.9811,60.3094,249.18,96,6,2.09,clear sky
527,Coihaique,CL,-45.5752,-72.0662,294.49,46,75,3.6,broken clouds
528,Bracebridge,CA,45.0334,-79.3163,263.08,43,0,3.09,clear sky
529,Zlobin,HR,45.2924,14.6541,278.79,72,75,2.06,broken clouds
530,Volary,CZ,48.9088,13.8866,274.3,79,100,5.08,overcast clouds
531,Bako,ET,5.7833,36.5667,293.77,52,72,1.51,broken clouds
532,Porto Novo,BJ,6.4965,2.6036,302.05,79,0,3.08,clear sky
533,Zyryanka,RU,65.75,150.85,232.66,100,52,1.55,broken clouds
534,Sao Miguel Do Araguaia,BR,-13.275,-50.1628,303.84,60,56,0.99,moderate rain
535,Albion,US,42.2431,-84.753,269.18,69,0,2.06,clear sky
536,Moron,AR,-34.6534,-58.6198,296.46,61,55,5.76,broken clouds
537,Porosozero,RU,62.7191,32.727,265.37,91,100,5.25,light snow
538,Maniitsoq,GL,65.4167,-52.9,258.37,91,100,5.33,snow
539,Arman,RU,59.7,150.1667,253.11,72,44,5.53,scattered clouds
540,Mitchell,US,43.7094,-98.0298,281.14,34,0,5.14,clear sky
541,Gigmoto,PH,13.7796,124.39,297.99,84,82,6.93,broken clouds
542,Ozuluama,MX,21.6667,-97.85,286.07,34,60,0.76,broken clouds
543,Gambela,ET,8.25,34.5833,303.55,21,100,2.01,overcast clouds
544,Sawakin,SD,19.1059,37.3321,293.99,59,1,5.54,clear sky
545,Bharatpur,IN,27.2167,77.4833,282.86,76,0,1.96,clear sky
546,Labuhan,ID,-6.8844,112.2051,298.74,86,100,4.18,overcast clouds
547,Svobodnyy,RU,51.4,128.1333,248.52,91,76,2.42,broken clouds
548,Gorontalo,ID,0.5412,123.0595,296.24,94,46,1.7,scattered clouds
549,Omboue,GA,-1.5746,9.2618,298.39,85,4,2.64,clear sky
550,Solenzo,BF,12.1833,-4.0833,301.43,9,5,2.87,clear sky
551,Xichang,CN,27.8964,102.2634,280.02,85,97,0.05,overcast clouds
552,Winona,US,43.9666,-91.7668,265.12,53,40,3.6,scattered clouds
553,Salinas,US,36.6777,-121.6555,290.82,51,0,5.14,clear sky
554,Bagar,IN,28.1874,75.5005,284.98,49,4,3.22,clear sky
555,Paamiut,GL,61.994,-49.6678,254.89,85,73,3.4,broken clouds
556,General Roca,AR,-39.0333,-67.5833,297.37,30,0,3.05,clear sky
557,Lalibela,ET,12.0333,39.0333,289.76,52,13,2.09,few clouds
558,Thinadhoo,MV,0.5333,72.9333,301.22,72,100,5.0,overcast clouds
559,Monte Alegre,BR,-2.0078,-54.0692,302.3,68,100,1.36,overcast clouds
560,Lindi,TZ,-10.0,39.7167,297.89,74,100,1.34,overcast clouds
561,Sorsk,RU,54.0033,90.2467,258.62,80,57,1.35,broken clouds
562,San Francisco De Cones,HN,14.5167,-88.9,295.27,96,100,2.76,overcast clouds
563,Hunterville,NZ,-39.9333,175.5667,287.01,100,100,2.32,light rain
564,Freetown,SL,8.484,-13.2299,299.05,74,90,3.93,overcast clouds
565,Port Macquarie,AU,-31.4333,152.9167,291.13,73,86,6.47,overcast clouds
566,Wynyard,AU,-41.0,145.7167,288.69,94,100,4.69,overcast clouds
567,Palana,RU,59.1167,159.9667,256.48,85,99,3.89,overcast clouds
568,Elmadag,TR,39.9208,33.2308,269.22,89,43,1.41,scattered clouds
569,Kamen-Na-Obi,RU,53.7884,81.3423,252.69,99,85,1.74,overcast clouds
570,Melhus,NO,63.2855,10.2781,273.97,60,96,3.32,overcast clouds
571,Mitsamiouli,KM,-11.3847,43.2844,301.31,78,40,3.6,scattered clouds
572,Malumfashi,NG,11.7853,7.6218,292.74,19,0,4.5,clear sky
573,Bose,IT,45.4612,8.0137,282.21,73,0,1.28,clear sky
574,Berezovyy,RU,51.6667,135.7,256.85,98,100,0.85,overcast clouds
575,Merrill,US,45.1805,-89.6835,261.86,79,100,3.09,overcast clouds
576,Clarksburg,US,39.2807,-80.3445,269.15,73,100,2.06,overcast clouds
577,Umm Kaddadah,SD,13.6017,26.6876,289.35,18,100,7.07,overcast clouds
578,Kefamenanu,ID,-9.4467,124.4781,295.18,96,66,1.64,broken clouds
579,Kudus,ID,-6.8048,110.8405,297.73,92,72,3.41,broken clouds
580,Nalut,LY,30.3333,10.85,289.05,19,100,4.37,overcast clouds
581,Espinosa,BR,-14.9261,-42.8192,298.9,75,100,2.52,overcast clouds
582,Central Point,US,42.376,-122.9164,284.48,65,0,0.0,clear sky
583,Port Hardy,CA,50.6996,-127.4199,278.57,93,75,2.06,broken clouds
584,Sao Geraldo Do Araguaia,BR,-6.4006,-48.555,301.43,79,100,1.16,overcast clouds
585,Palauig,PH,15.435,119.9045,298.08,72,72,2.57,broken clouds
586,Port Blair,IN,11.6667,92.75,300.17,83,20,1.03,mist
587,Acapulco,MX,16.8634,-99.8901,301.05,69,0,3.6,clear sky
588,Cowra,AU,-33.8333,148.6833,288.3,77,0,4.1,clear sky
589,Fot,HU,47.6177,19.1887,277.56,50,33,2.24,scattered clouds
590,Gouyave,GD,12.1646,-61.7296,301.58,65,75,8.75,broken clouds
591,Ngunguru,NZ,-35.6167,174.5,295.46,98,100,7.08,overcast clouds
592,Richards Bay,ZA,-28.783,32.0377,295.89,84,100,4.59,light rain
593,Gat,IL,31.61,34.7642,284.53,72,77,3.26,broken clouds
594,Eyl,SO,7.9803,49.8164,296.65,69,53,4.95,broken clouds
595,College,US,64.8569,-147.8028,256.81,79,75,2.06,broken clouds
596,Hokitika,NZ,-42.7167,170.9667,286.66,78,100,3.48,overcast clouds
597,Onalaska,US,43.8844,-91.2351,266.51,57,100,3.58,overcast clouds
598,Hay River,CA,60.8156,-115.7999,252.13,77,75,1.54,light snow
599,Chapais,CA,49.7834,-74.8492,254.03,73,76,4.81,broken clouds
600,Amga,RU,60.8953,131.9608,244.48,100,100,0.55,overcast clouds
601,Makakilo City,US,21.3469,-158.0858,298.31,79,40,2.06,scattered clouds
602,Leninskoye,KZ,41.7589,69.3864,282.11,29,100,3.43,overcast clouds
603,Ouesso,CG,1.6136,16.0517,297.76,23,97,1.06,overcast clouds
604,Koumac,NC,-20.5667,164.2833,298.6,81,100,0.54,overcast clouds
605,Adre,TD,13.4667,22.2,292.05,17,4,6.67,clear sky
606,Awbari,LY,26.5921,12.7805,286.76,27,3,4.06,clear sky
607,Raudeberg,NO,61.9875,5.1352,276.59,93,100,2.24,overcast clouds
608,Solnechnyy,RU,50.7214,136.6319,256.6,98,100,0.56,overcast clouds
609,Balykshi,KZ,47.0667,51.8667,272.15,86,75,11.0,mist
610,Emerald,AU,-23.5333,148.1667,294.23,68,0,3.09,clear sky
611,Antofagasta,CL,-23.65,-70.4,294.94,64,2,4.28,clear sky
612,Wakkanai,JP,45.4094,141.6739,268.81,72,100,10.79,overcast clouds
613,Ratnagiri,IN,16.9833,73.3,294.13,83,11,2.42,few clouds
614,Talcahuano,CL,-36.7167,-73.1167,292.4,60,0,7.44,clear sky
615,Sherpur,BD,25.0188,90.0175,287.14,79,0,1.76,clear sky
616,Pankrushikha,RU,53.8319,80.3406,258.2,89,65,2.97,broken clouds
617,Gravdal,NO,68.1214,13.5031,276.7,81,100,16.34,light rain
618,Kargat,RU,55.1956,80.2811,259.5,88,100,3.3,overcast clouds
619,Quatre Cocos,MU,-20.2078,57.7625,299.87,84,100,8.15,light rain
620,Dubbo,AU,-32.25,148.6167,287.22,77,75,4.12,broken clouds
621,San Jose,US,37.3394,-121.895,290.09,57,75,0.0,broken clouds
622,Stepnogorsk,KZ,52.3544,71.8869,257.71,70,39,3.6,scattered clouds
623,Konevo,RU,62.1215,39.3192,259.62,93,73,3.52,broken clouds
624,Vanavara,RU,60.34,102.2797,264.62,95,100,2.67,light snow
625,Los Llanos De Aridane,ES,28.6585,-17.9182,291.55,83,0,6.17,clear sky
626,Tanete,ID,-3.9443,119.7848,296.95,97,100,0.75,overcast clouds
627,Atchison,US,39.563,-95.1216,279.27,56,1,8.77,clear sky
628,Bar-Le-Duc,FR,48.75,5.1667,277.36,90,17,4.78,few clouds
629,Libreville,GA,0.3925,9.4537,299.56,81,50,3.34,scattered clouds
630,Kostomuksha,RU,64.571,30.5767,265.45,93,100,5.07,light snow
631,Dharchula,IN,29.85,80.5333,278.38,48,0,3.08,clear sky
632,Nioro,GM,13.35,-15.75,306.48,8,1,2.72,clear sky
633,The Valley,AI,18.217,-63.0578,301.07,88,40,5.14,scattered clouds
634,Vychegodskiy,RU,61.247,46.8984,256.31,97,41,2.43,scattered clouds
635,Kapit,MY,2.0167,112.9333,296.05,100,100,0.6,light rain
636,Chiredzi,ZW,-21.05,31.6667,297.68,62,31,4.9,scattered clouds
637,High Level,CA,58.5169,-117.136,251.21,77,40,0.0,scattered clouds
638,Bunia,CD,1.5667,30.25,293.62,56,100,0.96,overcast clouds
639,Pokhara,NP,28.2333,83.9833,280.02,70,6,2.93,clear sky
640,Tabou,CI,4.423,-7.3528,300.03,81,15,3.63,few clouds
641,Gallup,US,35.5281,-108.7426,276.57,39,0,0.0,clear sky
642,Bitung,ID,1.4451,125.1824,297.62,86,100,4.88,overcast clouds
643,Chifeng,CN,42.2683,118.9636,258.68,78,3,2.1,clear sky
644,Ha Giang,VN,22.8333,104.9833,285.85,98,100,1.34,light rain
645,Berdigestyakh,RU,62.0989,126.6992,242.95,100,99,0.41,overcast clouds
646,Sibolga,ID,1.7427,98.7792,297.34,90,100,1.45,overcast clouds
647,Sibu,MY,2.3,111.8167,298.32,94,40,1.34,scattered clouds
648,Kipushi,CD,-11.7667,27.2333,289.88,96,100,2.02,overcast clouds
649,Kuala Terengganu,MY,5.3302,103.1408,300.12,83,40,3.09,scattered clouds
650,Marzuq,YE,14.4,46.4667,293.01,40,20,2.04,few clouds
651,Marsa Matruh,EG,31.3525,27.2453,285.26,76,75,3.09,broken clouds
652,Sorata,BO,-15.7667,-68.6333,285.61,76,100,2.04,overcast clouds
653,Komatipoort,ZA,-25.4332,31.9548,296.51,88,97,4.24,overcast clouds
654,Rio Grande,BR,-32.035,-52.0986,302.21,76,100,5.39,overcast clouds
655,Ciamis,ID,-7.3257,108.3534,296.63,95,86,1.03,overcast clouds
656,Umm Lajj,SA,25.0213,37.2685,291.67,60,0,5.7,clear sky
657,Pisz,PL,53.6274,21.8125,276.29,88,100,5.63,overcast clouds
658,Whitehorse,CA,60.7161,-135.0538,263.6,85,75,5.66,broken clouds
659,Huarmey,PE,-10.0681,-78.1522,298.14,70,12,5.48,few clouds
660,Petropavlovsk-Kamchatskiy,RU,53.0452,158.6483,264.48,62,0,5.0,clear sky
661,Haysville,US,37.5645,-97.3523,278.37,49,0,3.58,clear sky
662,Inzer,RU,54.2167,57.5556,268.49,92,100,1.36,overcast clouds
663,Salym,RU,60.0625,71.4789,265.85,97,100,1.63,overcast clouds
664,Vestmanna,FO,62.1564,-7.1664,274.66,64,100,16.98,overcast clouds
665,Obu,JP,35.0,136.9667,275.13,86,14,4.25,few clouds
666,Pinheiro,BR,-2.5214,-45.0825,302.03,73,43,2.55,scattered clouds
667,Dawei,MM,14.0833,98.2,295.13,91,32,1.71,scattered clouds
668,Urucara,BR,-2.5364,-57.76,301.87,77,100,1.01,overcast clouds
669,Narasimharajapura,IN,13.6167,75.5167,289.87,82,79,0.79,broken clouds
670,Hamina,FI,60.5697,27.1979,269.81,97,100,4.12,light snow
671,Samarai,PG,-10.6167,150.6667,299.79,82,100,3.94,overcast clouds
672,Zhoucheng,CN,35.9122,116.3117,271.07,36,10,0.25,clear sky
673,Brae,GB,60.3964,-1.353,278.1,62,100,16.69,overcast clouds
674,Mersing,MY,2.4312,103.8405,300.1,83,100,6.17,overcast clouds
675,Goma,CD,-1.6792,29.2228,290.78,85,100,1.62,overcast clouds
676,Kismayo,SO,-0.3582,42.5454,298.93,80,95,5.35,overcast clouds
677,Banda Aceh,ID,5.5577,95.3222,299.29,78,100,2.2,overcast clouds
678,Wajima,JP,37.4,136.9,273.91,66,100,9.71,light snow
679,Namatanai,PG,-3.6667,152.4333,299.81,78,75,4.25,broken clouds
680,Honningsvag,NO,70.9821,25.9704,271.51,73,20,14.78,few clouds
681,Mangrol,IN,21.1167,70.1167,292.34,69,0,2.47,clear sky
682,Poros,GR,37.4994,23.4536,285.72,61,77,0.87,broken clouds
683,Kununurra,AU,-15.7667,128.7333,299.14,94,100,0.0,overcast clouds
684,Lincoln,US,40.8,-96.667,284.36,38,0,4.47,clear sky
685,Dunedin,NZ,-45.8742,170.5036,284.71,76,39,0.89,scattered clouds
686,Sept-Iles,CA,50.2001,-66.3821,260.96,44,75,0.89,broken clouds
687,Deputatskiy,RU,69.3,139.9,238.79,97,91,1.39,overcast clouds
688,Mazatlan,MX,23.2167,-106.4167,295.32,61,0,2.24,clear sky
689,Igrim,RU,63.1906,64.4162,250.27,100,92,1.81,overcast clouds
690,Rundu,NA,-17.9333,19.7667,293.24,87,48,1.6,light rain
691,Kiruna,SE,67.8557,20.2251,267.66,93,100,9.77,overcast clouds
692,Tanout,NE,14.9709,8.8879,291.11,12,0,5.34,clear sky
693,Sardarpur,IN,22.678,74.9484,289.46,23,0,1.75,clear sky
694,Jalalpur Jattan,PK,32.6374,74.2183,283.08,93,100,1.54,mist
695,Vidim,RU,56.4088,103.1106,267.77,95,100,4.65,light snow
